HMM Name	HMM Length	Target Name	Target Length	i-Evalue	HMM From	HMM To	Target From	Target To	Coverage	HMM File Name
GH1_e65.hmm|GH1:2301|3.2.1.85:20	461	avs	472	8.768238068615417e-235	2	460	3	463	0.9956616052060736	dbCAN-sub
GH1_e65.hmm|GH1:2301|3.2.1.85:20	461	bacb	466	1.562969584195916e-240	1	461	3	463	1.0	dbCAN-sub
GH1_e65.hmm|GH1:2301|3.2.1.85:20	461	bacp	466	2.7437387086187252e-241	1	461	3	463	1.0	dbCAN-sub
GH1_e65.hmm|GH1:2301|3.2.1.85:20	461	bacs	466	1.368182403816138e-242	1	461	3	463	1.0	dbCAN-sub
GH1_e65.hmm|GH1:2301|3.2.1.85:20	461	bafc	466	1.0657589353407279e-241	1	461	3	463	1.0	dbCAN-sub
GH1_e65.hmm|GH1:2301|3.2.1.85:20	461	bama	466	1.3973716578209385e-241	1	461	3	463	1.0	dbCAN-sub
GH1_e65.hmm|GH1:2301|3.2.1.85:20	461	bamb	466	3.302021511121321e-242	1	461	3	463	1.0	dbCAN-sub
GH1_e65.hmm|GH1:2301|3.2.1.85:20	461	bamc	466	1.022937377194628e-241	1	461	3	463	1.0	dbCAN-sub
GH1_e65.hmm|GH1:2301|3.2.1.85:20	461	bamf	466	1.85725128544529e-241	1	461	3	463	1.0	dbCAN-sub
GH1_e65.hmm|GH1:2301|3.2.1.85:20	461	bami	466	1.85725128544529e-241	1	461	3	463	1.0	dbCAN-sub
GH1_e65.hmm|GH1:2301|3.2.1.85:20	461	baml	466	8.195219989212962e-242	1	461	3	463	1.0	dbCAN-sub
GH1_e65.hmm|GH1:2301|3.2.1.85:20	461	bamn	466	6.727111449019744e-241	1	461	3	463	1.0	dbCAN-sub
GH1_e65.hmm|GH1:2301|3.2.1.85:20	461	bamp	466	1.642816176563943e-241	1	461	3	463	1.0	dbCAN-sub
GH1_e65.hmm|GH1:2301|3.2.1.85:20	461	bamt	466	1.022937377194628e-241	1	461	3	463	1.0	dbCAN-sub
GH1_e65.hmm|GH1:2301|3.2.1.85:20	461	bamy	466	6.1686057360775876e-242	1	461	3	463	1.0	dbCAN-sub
GH1_e65.hmm|GH1:2301|3.2.1.85:20	461	bao	466	4.212786998865421e-241	1	461	3	463	1.0	dbCAN-sub
GH1_e65.hmm|GH1:2301|3.2.1.85:20	461	baq	466	1.85725128544529e-241	1	461	3	463	1.0	dbCAN-sub
GH1_e65.hmm|GH1:2301|3.2.1.85:20	461	bay	466	1.022937377194628e-241	1	461	3	463	1.0	dbCAN-sub
GH1_e65.hmm|GH1:2301|3.2.1.85:20	461	baz	466	4.212786998865421e-241	1	461	3	463	1.0	dbCAN-sub
GH1_e65.hmm|GH1:2301|3.2.1.85:20	461	bmp	466	3.302021511121321e-242	1	461	3	463	1.0	dbCAN-sub
GH1_e65.hmm|GH1:2301|3.2.1.85:20	461	bql	466	4.212786998865421e-241	1	461	3	463	1.0	dbCAN-sub
GH1_e65.hmm|GH1:2301|3.2.1.85:20	461	bqy	466	8.832603604909288e-242	1	461	3	463	1.0	dbCAN-sub
GH1_e65.hmm|GH1:2301|3.2.1.85:20	461	bsia	466	1.368182403816138e-242	1	461	3	463	1.0	dbCAN-sub
GH1_e65.hmm|GH1:2301|3.2.1.85:20	461	bvm	466	7.615185071648498e-242	1	461	3	463	1.0	dbCAN-sub
GH1_e65.hmm|GH1:2301|3.2.1.85:20	461	bxh	466	4.212786998865421e-241	1	461	3	463	1.0	dbCAN-sub
GH1_e65.hmm|GH1:2301|3.2.1.85:20	461	bya	466	8.832603604909288e-242	1	461	3	463	1.0	dbCAN-sub
GH1_e65.hmm|GH1:2301|3.2.1.85:20	461	cac	474	7.048033346240132e-235	2	459	4	462	0.9934924078091106	dbCAN-sub
GH1_e65.hmm|GH1:2301|3.2.1.85:20	461	cae	474	7.048033346240132e-235	2	459	4	462	0.9934924078091106	dbCAN-sub
GH1_e65.hmm|GH1:2301|3.2.1.85:20	461	caer	479	9.851757460512802e-229	1	460	14	475	0.9978308026030368	dbCAN-sub
GH1_e65.hmm|GH1:2301|3.2.1.85:20	461	caer_1	469	2.893126058091451e-223	1	460	2	464	0.9978308026030368	dbCAN-sub
GH1_e65.hmm|GH1:2301|3.2.1.85:20	461	carn	473	6.694620995705714e-234	2	460	4	464	0.9956616052060736	dbCAN-sub
GH1_e65.hmm|GH1:2301|3.2.1.85:20	461	caun	475	1.5093444827981458e-235	2	460	5	464	0.9956616052060736	dbCAN-sub
GH1_e65.hmm|GH1:2301|3.2.1.85:20	461	cay	474	7.048033346240132e-235	2	459	4	462	0.9934924078091106	dbCAN-sub
GH1_e65.hmm|GH1:2301|3.2.1.85:20	461	cbv	466	1.3936821564273179e-246	2	461	3	463	0.9978308026030368	dbCAN-sub
GH1_e65.hmm|GH1:2301|3.2.1.85:20	461	cfb	475	3.0314196197011337e-236	2	460	5	464	0.9956616052060736	dbCAN-sub
GH1_e65.hmm|GH1:2301|3.2.1.85:20	461	cmit	466	1.1399574820683332e-232	1	461	2	464	1.0	dbCAN-sub
GH1_e65.hmm|GH1:2301|3.2.1.85:20	461	cpab	473	1.652033007631094e-230	1	460	3	468	0.9978308026030368	dbCAN-sub
GH1_e65.hmm|GH1:2301|3.2.1.85:20	461	cpab_1	475	1.3967177089822409e-236	2	460	10	473	0.9956616052060736	dbCAN-sub
GH1_e65.hmm|GH1:2301|3.2.1.85:20	461	cpab_2	476	6.0309092348021024e-235	1	460	10	474	0.9978308026030368	dbCAN-sub
GH1_e65.hmm|GH1:2301|3.2.1.85:20	461	crw	475	1.5093444827981458e-235	2	460	5	464	0.9956616052060736	dbCAN-sub
GH1_e65.hmm|GH1:2301|3.2.1.85:20	461	csb	475	1.1488561375935991e-230	1	461	3	465	1.0	dbCAN-sub
GH1_e65.hmm|GH1:2301|3.2.1.85:20	461	cstc	443	7.122255777726445e-197	33	460	9	439	0.928416485900217	dbCAN-sub
GH1_e65.hmm|GH1:2301|3.2.1.85:20	461	cvd	467	1.008002366604105e-246	1	461	3	464	1.0	dbCAN-sub
GH1_e65.hmm|GH1:2301|3.2.1.85:20	461	dpm	474	3.708668987725967e-240	1	460	3	463	0.9978308026030368	dbCAN-sub
GH1_e65.hmm|GH1:2301|3.2.1.85:20	461	dst	474	1.4893005186417716e-238	1	460	3	463	0.9978308026030368	dbCAN-sub
GH1_e65.hmm|GH1:2301|3.2.1.85:20	461	eat	474	2.3211776627155188e-223	1	460	3	464	0.9978308026030368	dbCAN-sub
GH1_e65.hmm|GH1:2301|3.2.1.85:20	461	eav	466	7.942903661749513e-240	1	461	3	463	1.0	dbCAN-sub
GH1_e65.hmm|GH1:2301|3.2.1.85:20	461	ebm	467	2.077190693142868e-234	1	460	2	462	0.9978308026030368	dbCAN-sub
GH1_e65.hmm|GH1:2301|3.2.1.85:20	461	ecas	466	6.790207834977278e-241	1	461	3	463	1.0	dbCAN-sub
GH1_e65.hmm|GH1:2301|3.2.1.85:20	461	ecec	468	7.785869087852624e-247	2	460	5	464	0.9956616052060736	dbCAN-sub
GH1_e65.hmm|GH1:2301|3.2.1.85:20	461	ede	466	1.7878354826815782e-234	1	461	3	463	1.0	dbCAN-sub
GH1_e65.hmm|GH1:2301|3.2.1.85:20	461	eds	467	2.9255180591382907e-227	2	460	4	463	0.9956616052060736	dbCAN-sub
GH1_e65.hmm|GH1:2301|3.2.1.85:20	461	eds_1	466	1.2661231455944475e-235	2	461	4	463	0.9978308026030368	dbCAN-sub
GH1_e65.hmm|GH1:2301|3.2.1.85:20	461	edu	468	1.5674250972424275e-246	2	460	5	464	0.9956616052060736	dbCAN-sub
GH1_e65.hmm|GH1:2301|3.2.1.85:20	461	eet	477	3.320075711574111e-213	2	461	6	470	0.9978308026030368	dbCAN-sub
GH1_e65.hmm|GH1:2301|3.2.1.85:20	461	efau	466	3.6203803722207886e-241	1	461	3	463	1.0	dbCAN-sub
GH1_e65.hmm|GH1:2301|3.2.1.85:20	461	efau_1	468	1.5674250972424275e-246	2	460	5	464	0.9956616052060736	dbCAN-sub
GH1_e65.hmm|GH1:2301|3.2.1.85:20	461	efc	466	3.6203803722207886e-241	1	461	3	463	1.0	dbCAN-sub
GH1_e65.hmm|GH1:2301|3.2.1.85:20	461	efd	468	1.5674250972424275e-246	2	460	5	464	0.9956616052060736	dbCAN-sub
GH1_e65.hmm|GH1:2301|3.2.1.85:20	461	efl	468	1.5674250972424275e-246	2	460	5	464	0.9956616052060736	dbCAN-sub
GH1_e65.hmm|GH1:2301|3.2.1.85:20	461	efm	468	1.5674250972424275e-246	2	460	5	464	0.9956616052060736	dbCAN-sub
GH1_e65.hmm|GH1:2301|3.2.1.85:20	461	efm_1	466	3.6203803722207886e-241	1	461	3	463	1.0	dbCAN-sub
GH1_e65.hmm|GH1:2301|3.2.1.85:20	461	efn	468	1.5674250972424275e-246	2	460	5	464	0.9956616052060736	dbCAN-sub
GH1_e65.hmm|GH1:2301|3.2.1.85:20	461	efs	468	1.5674250972424275e-246	2	460	5	464	0.9956616052060736	dbCAN-sub
GH1_e65.hmm|GH1:2301|3.2.1.85:20	461	eft	466	3.6203803722207886e-241	1	461	3	463	1.0	dbCAN-sub
GH1_e65.hmm|GH1:2301|3.2.1.85:20	461	eft_1	467	2.190376513262082e-226	1	460	3	463	0.9978308026030368	dbCAN-sub
GH1_e65.hmm|GH1:2301|3.2.1.85:20	461	efu	466	3.6203803722207886e-241	1	461	3	463	1.0	dbCAN-sub
GH1_e65.hmm|GH1:2301|3.2.1.85:20	461	egv	468	2.679927043055219e-246	2	460	5	464	0.9956616052060736	dbCAN-sub
GH1_e65.hmm|GH1:2301|3.2.1.85:20	461	elac	467	2.158490535230311e-226	1	460	3	463	0.9978308026030368	dbCAN-sub
GH1_e65.hmm|GH1:2301|3.2.1.85:20	461	emm	474	1.3598944374689816e-225	1	460	3	464	0.9978308026030368	dbCAN-sub
GH1_e65.hmm|GH1:2301|3.2.1.85:20	461	ems	466	1.394124617948074e-234	2	461	4	463	0.9978308026030368	dbCAN-sub
GH1_e65.hmm|GH1:2301|3.2.1.85:20	461	ems_1	468	2.679927043055219e-246	2	460	5	464	0.9956616052060736	dbCAN-sub
GH1_e65.hmm|GH1:2301|3.2.1.85:20	461	emu	466	8.899879646214972e-242	1	461	3	463	1.0	dbCAN-sub
GH1_e65.hmm|GH1:2301|3.2.1.85:20	461	enem	477	2.955535065275672e-210	2	458	6	467	0.9913232104121475	dbCAN-sub
GH1_e65.hmm|GH1:2301|3.2.1.85:20	461	enq	468	1.5674250972424275e-246	2	460	5	464	0.9956616052060736	dbCAN-sub
GH1_e65.hmm|GH1:2301|3.2.1.85:20	461	eraf	467	2.7900019661006657e-230	1	460	3	463	0.9978308026030368	dbCAN-sub
GH1_e65.hmm|GH1:2301|3.2.1.85:20	461	eraf_1	466	5.553732776213266e-238	1	460	3	462	0.9978308026030368	dbCAN-sub
GH1_e65.hmm|GH1:2301|3.2.1.85:20	461	erm	470	3.9190950253892474e-237	1	461	2	463	1.0	dbCAN-sub
GH1_e65.hmm|GH1:2301|3.2.1.85:20	461	esg	469	1.6940365752676484e-235	2	460	7	465	0.9956616052060736	dbCAN-sub
GH1_e65.hmm|GH1:2301|3.2.1.85:20	461	fit	467	3.1579425553763436e-235	2	461	3	464	0.9978308026030368	dbCAN-sub
GH1_e65.hmm|GH1:2301|3.2.1.85:20	461	fro	466	6.1803479641796465e-239	1	461	3	463	1.0	dbCAN-sub
GH1_e65.hmm|GH1:2301|3.2.1.85:20	461	hov	467	9.176110428694775e-237	1	460	3	463	0.9978308026030368	dbCAN-sub
GH1_e65.hmm|GH1:2301|3.2.1.85:20	461	laca	472	1.085614565547289e-236	2	460	10	470	0.9956616052060736	dbCAN-sub
GH1_e65.hmm|GH1:2301|3.2.1.85:20	461	laca_1	469	2.0697693562907e-224	1	459	2	464	0.9956616052060736	dbCAN-sub
GH1_e65.hmm|GH1:2301|3.2.1.85:20	461	lach	474	1.1605502342133318e-237	1	460	9	470	0.9978308026030368	dbCAN-sub
GH1_e65.hmm|GH1:2301|3.2.1.85:20	461	lah	292	9.605647512611137e-116	207	460	38	289	0.5509761388286334	dbCAN-sub
GH1_e65.hmm|GH1:2301|3.2.1.85:20	461	lala	467	5.984748215346112e-246	1	461	4	465	1.0	dbCAN-sub
GH1_e65.hmm|GH1:2301|3.2.1.85:20	461	lalw	476	2.092673533562884e-233	1	460	10	474	0.9978308026030368	dbCAN-sub
GH1_e65.hmm|GH1:2301|3.2.1.85:20	461	lalw_1	474	1.399449393161859e-227	2	460	5	469	0.9956616052060736	dbCAN-sub
GH1_e65.hmm|GH1:2301|3.2.1.85:20	461	lani	476	2.3351347370593647e-215	2	460	8	469	0.9956616052060736	dbCAN-sub
GH1_e65.hmm|GH1:2301|3.2.1.85:20	461	lba	467	1.649256014251895e-247	1	461	4	465	1.0	dbCAN-sub
GH1_e65.hmm|GH1:2301|3.2.1.85:20	461	lca	474	2.2867032343855522e-228	1	460	4	469	0.9978308026030368	dbCAN-sub
GH1_e65.hmm|GH1:2301|3.2.1.85:20	461	lcb	474	2.2867032343855522e-228	1	460	4	469	0.9978308026030368	dbCAN-sub
GH1_e65.hmm|GH1:2301|3.2.1.85:20	461	lce	474	2.2867032343855522e-228	1	460	4	469	0.9978308026030368	dbCAN-sub
GH1_e65.hmm|GH1:2301|3.2.1.85:20	461	lce_1	474	2.2867032343855522e-228	1	460	4	469	0.9978308026030368	dbCAN-sub
GH1_e65.hmm|GH1:2301|3.2.1.85:20	461	lchi	474	4.266106392546143e-231	1	460	4	469	0.9978308026030368	dbCAN-sub
GH1_e65.hmm|GH1:2301|3.2.1.85:20	461	lcl	474	2.2867032343855522e-228	1	460	4	469	0.9978308026030368	dbCAN-sub
GH1_e65.hmm|GH1:2301|3.2.1.85:20	461	lcs	474	2.2867032343855522e-228	1	460	4	469	0.9978308026030368	dbCAN-sub
GH1_e65.hmm|GH1:2301|3.2.1.85:20	461	lct	482	6.80435257860791e-237	2	460	10	473	0.9956616052060736	dbCAN-sub
GH1_e65.hmm|GH1:2301|3.2.1.85:20	461	lct_1	469	2.1060113106699597e-223	8	460	1	460	0.982646420824295	dbCAN-sub
GH1_e65.hmm|GH1:2301|3.2.1.85:20	461	lct_2	476	1.0173203995307878e-232	1	460	10	474	0.9978308026030368	dbCAN-sub
GH1_e65.hmm|GH1:2301|3.2.1.85:20	461	lcw	474	2.2867032343855522e-228	1	460	4	469	0.9978308026030368	dbCAN-sub
GH1_e65.hmm|GH1:2301|3.2.1.85:20	461	lde	481	2.1470753712654065e-223	1	460	5	467	0.9978308026030368	dbCAN-sub
GH1_e65.hmm|GH1:2301|3.2.1.85:20	461	leq	467	3.101846599231448e-247	1	461	3	464	1.0	dbCAN-sub
GH1_e65.hmm|GH1:2301|3.2.1.85:20	461	lfm	476	5.532374592053655e-235	1	460	10	474	0.9978308026030368	dbCAN-sub
GH1_e65.hmm|GH1:2301|3.2.1.85:20	461	lfm_1	475	2.8610110624078987e-237	2	460	10	473	0.9956616052060736	dbCAN-sub
GH1_e65.hmm|GH1:2301|3.2.1.85:20	461	lfm_2	473	6.401090706914113e-228	1	460	3	468	0.9978308026030368	dbCAN-sub
GH1_e65.hmm|GH1:2301|3.2.1.85:20	461	lft	476	4.882780280438431e-235	1	460	10	474	0.9978308026030368	dbCAN-sub
GH1_e65.hmm|GH1:2301|3.2.1.85:20	461	lft_1	474	1.9386833186605865e-233	2	460	5	469	0.9956616052060736	dbCAN-sub
GH1_e65.hmm|GH1:2301|3.2.1.85:20	461	lga	484	5.042153570514528e-223	1	460	19	482	0.9978308026030368	dbCAN-sub
GH1_e65.hmm|GH1:2301|3.2.1.85:20	461	lga_1	475	1.0706152966555455e-228	1	460	5	468	0.9978308026030368	dbCAN-sub
GH1_e65.hmm|GH1:2301|3.2.1.85:20	461	lhf	467	2.2813802968952668e-246	1	461	4	465	1.0	dbCAN-sub
GH1_e65.hmm|GH1:2301|3.2.1.85:20	461	lhi	474	4.6253488954608734e-228	2	460	5	469	0.9956616052060736	dbCAN-sub
GH1_e65.hmm|GH1:2301|3.2.1.85:20	461	lhn	474	3.901595476885114e-232	2	460	11	471	0.9956616052060736	dbCAN-sub
GH1_e65.hmm|GH1:2301|3.2.1.85:20	461	lje	469	4.711882256989313e-224	1	459	6	465	0.9956616052060736	dbCAN-sub
GH1_e65.hmm|GH1:2301|3.2.1.85:20	461	ljf	475	1.9108052816889794e-227	1	460	5	468	0.9978308026030368	dbCAN-sub
GH1_e65.hmm|GH1:2301|3.2.1.85:20	461	llc	468	9.906222216929696e-247	2	460	5	464	0.9956616052060736	dbCAN-sub
GH1_e65.hmm|GH1:2301|3.2.1.85:20	461	lld	468	3.3580053748376973e-245	2	460	5	464	0.9956616052060736	dbCAN-sub
GH1_e65.hmm|GH1:2301|3.2.1.85:20	461	lli	468	1.4933927387278898e-246	2	460	5	464	0.9956616052060736	dbCAN-sub
GH1_e65.hmm|GH1:2301|3.2.1.85:20	461	llr	468	3.2112603842153065e-246	2	460	5	464	0.9956616052060736	dbCAN-sub
GH1_e65.hmm|GH1:2301|3.2.1.85:20	461	lmes	467	6.80376129285984e-247	1	461	4	465	1.0	dbCAN-sub
GH1_e65.hmm|GH1:2301|3.2.1.85:20	461	lot	468	3.3138927173956833e-246	1	461	4	465	1.0	dbCAN-sub
GH1_e65.hmm|GH1:2301|3.2.1.85:20	461	lpab	472	1.3624571391533476e-234	2	460	10	470	0.9956616052060736	dbCAN-sub
GH1_e65.hmm|GH1:2301|3.2.1.85:20	461	lpah	474	1.3360354635947278e-231	2	460	11	471	0.9956616052060736	dbCAN-sub
GH1_e65.hmm|GH1:2301|3.2.1.85:20	461	lpap	474	2.2867032343855522e-228	1	460	4	469	0.9978308026030368	dbCAN-sub
GH1_e65.hmm|GH1:2301|3.2.1.85:20	461	lpi	474	2.2867032343855522e-228	1	460	4	469	0.9978308026030368	dbCAN-sub
GH1_e65.hmm|GH1:2301|3.2.1.85:20	461	lpq	474	2.2867032343855522e-228	1	460	4	469	0.9978308026030368	dbCAN-sub
GH1_e65.hmm|GH1:2301|3.2.1.85:20	461	lpq_1	474	2.2867032343855522e-228	1	460	4	469	0.9978308026030368	dbCAN-sub
GH1_e65.hmm|GH1:2301|3.2.1.85:20	461	lpw	475	6.430359849943372e-223	1	460	10	473	0.9978308026030368	dbCAN-sub
GH1_e65.hmm|GH1:2301|3.2.1.85:20	461	lpw_1	475	1.1314760961041959e-228	1	460	5	468	0.9978308026030368	dbCAN-sub
GH1_e65.hmm|GH1:2301|3.2.1.85:20	461	lra	474	8.96776079208571e-231	2	460	11	471	0.9956616052060736	dbCAN-sub
GH1_e65.hmm|GH1:2301|3.2.1.85:20	461	lra_1	474	1.0353814723589204e-228	1	460	4	469	0.9978308026030368	dbCAN-sub
GH1_e65.hmm|GH1:2301|3.2.1.85:20	461	lrc	474	8.96776079208571e-231	2	460	11	471	0.9956616052060736	dbCAN-sub
GH1_e65.hmm|GH1:2301|3.2.1.85:20	461	lrc_1	474	1.0353814723589204e-228	1	460	4	469	0.9978308026030368	dbCAN-sub
GH1_e65.hmm|GH1:2301|3.2.1.85:20	461	lrg	235	1.351098617272071e-101	238	460	2	230	0.4837310195227766	dbCAN-sub
GH1_e65.hmm|GH1:2301|3.2.1.85:20	461	lrh	235	1.351098617272071e-101	238	460	2	230	0.4837310195227766	dbCAN-sub
GH1_e65.hmm|GH1:2301|3.2.1.85:20	461	lrl	474	8.96776079208571e-231	2	460	11	471	0.9956616052060736	dbCAN-sub
GH1_e65.hmm|GH1:2301|3.2.1.85:20	461	lrl_1	474	1.0353814723589204e-228	1	460	4	469	0.9978308026030368	dbCAN-sub
GH1_e65.hmm|GH1:2301|3.2.1.85:20	461	lrl_2	474	2.2867032343855522e-228	1	460	4	469	0.9978308026030368	dbCAN-sub
GH1_e65.hmm|GH1:2301|3.2.1.85:20	461	lro	475	3.781245337224943e-232	2	460	11	471	0.9956616052060736	dbCAN-sub
GH1_e65.hmm|GH1:2301|3.2.1.85:20	461	lro_1	474	5.795115717283083e-228	1	460	4	469	0.9978308026030368	dbCAN-sub
GH1_e65.hmm|GH1:2301|3.2.1.85:20	461	lrug	467	1.783158589056747e-246	1	461	3	464	1.0	dbCAN-sub
GH1_e65.hmm|GH1:2301|3.2.1.85:20	461	lsb	474	2.8632095645829934e-232	2	460	11	471	0.9956616052060736	dbCAN-sub
GH1_e65.hmm|GH1:2301|3.2.1.85:20	461	lsb_1	474	4.285389816803645e-232	1	460	4	469	0.9978308026030368	dbCAN-sub
GH1_e65.hmm|GH1:2301|3.2.1.85:20	461	lsz	468	4.283552830899203e-247	1	461	4	465	1.0	dbCAN-sub
GH1_e65.hmm|GH1:2301|3.2.1.85:20	461	lte	467	7.142263735313081e-247	1	461	4	465	1.0	dbCAN-sub
GH1_e65.hmm|GH1:2301|3.2.1.85:20	461	lze	474	2.2867032343855522e-228	1	460	4	469	0.9978308026030368	dbCAN-sub
GH1_e65.hmm|GH1:2301|3.2.1.85:20	461	lze_1	474	2.2867032343855522e-228	1	460	4	469	0.9978308026030368	dbCAN-sub
GH1_e65.hmm|GH1:2301|3.2.1.85:20	461	lzh	482	1.0954156432899654e-227	1	460	4	470	0.9978308026030368	dbCAN-sub
GH1_e65.hmm|GH1:2301|3.2.1.85:20	461	manm	468	3.569530973334851e-245	1	461	4	465	1.0	dbCAN-sub
GH1_e65.hmm|GH1:2301|3.2.1.85:20	461	mary	467	2.5028507489477674e-244	1	460	3	463	0.9978308026030368	dbCAN-sub
GH1_e65.hmm|GH1:2301|3.2.1.85:20	461	mboe	467	1.1507748874429391e-244	1	460	3	463	0.9978308026030368	dbCAN-sub
GH1_e65.hmm|GH1:2301|3.2.1.85:20	461	mlen	467	4.831545775265641e-247	1	461	3	464	1.0	dbCAN-sub
GH1_e65.hmm|GH1:2301|3.2.1.85:20	461	mpx	466	6.618740543993454e-236	1	461	3	463	1.0	dbCAN-sub
GH1_e65.hmm|GH1:2301|3.2.1.85:20	461	pio	471	3.900462097417094e-236	2	460	8	468	0.9956616052060736	dbCAN-sub
GH1_e65.hmm|GH1:2301|3.2.1.85:20	461	roc	466	8.249262124936413e-246	2	461	3	463	0.9978308026030368	dbCAN-sub
GH1_e65.hmm|GH1:2301|3.2.1.85:20	461	saa	470	1.5597598971571932e-246	2	461	5	467	0.9978308026030368	dbCAN-sub
GH1_e65.hmm|GH1:2301|3.2.1.85:20	461	sab	470	3.871267729315398e-247	2	461	5	467	0.9978308026030368	dbCAN-sub
GH1_e65.hmm|GH1:2301|3.2.1.85:20	461	sac	470	2.80762857583478e-246	2	461	5	467	0.9978308026030368	dbCAN-sub
GH1_e65.hmm|GH1:2301|3.2.1.85:20	461	saco	468	5.462202484862494e-247	2	460	5	464	0.9956616052060736	dbCAN-sub
GH1_e65.hmm|GH1:2301|3.2.1.85:20	461	saco_1	468	2.0517182423364382e-246	2	461	5	465	0.9978308026030368	dbCAN-sub
GH1_e65.hmm|GH1:2301|3.2.1.85:20	461	sad	470	3.871267729315398e-247	2	461	5	467	0.9978308026030368	dbCAN-sub
GH1_e65.hmm|GH1:2301|3.2.1.85:20	461	sae	470	1.5597598971571932e-246	2	461	5	467	0.9978308026030368	dbCAN-sub
GH1_e65.hmm|GH1:2301|3.2.1.85:20	461	sagi	468	3.6285662539745005e-246	2	460	5	464	0.9956616052060736	dbCAN-sub
GH1_e65.hmm|GH1:2301|3.2.1.85:20	461	sagm	468	8.031694358083726e-246	2	460	5	464	0.9956616052060736	dbCAN-sub
GH1_e65.hmm|GH1:2301|3.2.1.85:20	461	sagq	467	1.5518405710088408e-248	1	460	3	463	0.9978308026030368	dbCAN-sub
GH1_e65.hmm|GH1:2301|3.2.1.85:20	461	sah	470	3.871267729315398e-247	2	461	5	467	0.9978308026030368	dbCAN-sub
GH1_e65.hmm|GH1:2301|3.2.1.85:20	461	saj	470	3.871267729315398e-247	2	461	5	467	0.9978308026030368	dbCAN-sub
GH1_e65.hmm|GH1:2301|3.2.1.85:20	461	sam	470	3.871267729315398e-247	2	461	5	467	0.9978308026030368	dbCAN-sub
GH1_e65.hmm|GH1:2301|3.2.1.85:20	461	sams	470	7.475267811548842e-247	2	461	5	467	0.9978308026030368	dbCAN-sub
GH1_e65.hmm|GH1:2301|3.2.1.85:20	461	san	468	6.3349996420772425e-245	2	460	5	464	0.9956616052060736	dbCAN-sub
GH1_e65.hmm|GH1:2301|3.2.1.85:20	461	sanc	468	4.030679340316351e-244	2	460	5	464	0.9956616052060736	dbCAN-sub
GH1_e65.hmm|GH1:2301|3.2.1.85:20	461	sang	466	3.664289117361231e-242	1	461	3	463	1.0	dbCAN-sub
GH1_e65.hmm|GH1:2301|3.2.1.85:20	461	sans	466	4.040003575896931e-243	1	461	3	463	1.0	dbCAN-sub
GH1_e65.hmm|GH1:2301|3.2.1.85:20	461	sao	470	1.5597598971571932e-246	2	461	5	467	0.9978308026030368	dbCAN-sub
GH1_e65.hmm|GH1:2301|3.2.1.85:20	461	sar	470	3.86533129788185e-247	2	461	5	467	0.9978308026030368	dbCAN-sub
GH1_e65.hmm|GH1:2301|3.2.1.85:20	461	sarj	475	4.8797862908453345e-232	1	461	3	465	1.0	dbCAN-sub
GH1_e65.hmm|GH1:2301|3.2.1.85:20	461	sas	470	3.871267729315398e-247	2	461	5	467	0.9978308026030368	dbCAN-sub
GH1_e65.hmm|GH1:2301|3.2.1.85:20	461	sau	470	3.871267729315398e-247	2	461	5	467	0.9978308026030368	dbCAN-sub
GH1_e65.hmm|GH1:2301|3.2.1.85:20	461	saua	470	3.86533129788185e-247	2	461	5	467	0.9978308026030368	dbCAN-sub
GH1_e65.hmm|GH1:2301|3.2.1.85:20	461	saub	470	3.871267729315398e-247	2	461	5	467	0.9978308026030368	dbCAN-sub
GH1_e65.hmm|GH1:2301|3.2.1.85:20	461	sauc	470	1.4071017103267091e-247	2	461	5	467	0.9978308026030368	dbCAN-sub
GH1_e65.hmm|GH1:2301|3.2.1.85:20	461	saud	470	3.871267729315398e-247	2	461	5	467	0.9978308026030368	dbCAN-sub
GH1_e65.hmm|GH1:2301|3.2.1.85:20	461	saue	470	1.3415109000262823e-246	2	461	5	467	0.9978308026030368	dbCAN-sub
GH1_e65.hmm|GH1:2301|3.2.1.85:20	461	sauf	470	2.80762857583478e-246	2	461	5	467	0.9978308026030368	dbCAN-sub
GH1_e65.hmm|GH1:2301|3.2.1.85:20	461	saug	470	7.475267811548842e-247	2	461	5	467	0.9978308026030368	dbCAN-sub
GH1_e65.hmm|GH1:2301|3.2.1.85:20	461	saui	470	1.5597598971571932e-246	2	461	5	467	0.9978308026030368	dbCAN-sub
GH1_e65.hmm|GH1:2301|3.2.1.85:20	461	sauj	470	3.871267729315398e-247	2	461	5	467	0.9978308026030368	dbCAN-sub
GH1_e65.hmm|GH1:2301|3.2.1.85:20	461	sauk	470	3.871267729315398e-247	2	461	5	467	0.9978308026030368	dbCAN-sub
GH1_e65.hmm|GH1:2301|3.2.1.85:20	461	saul	470	5.1148087049794515e-220	1	459	3	464	0.9956616052060736	dbCAN-sub
GH1_e65.hmm|GH1:2301|3.2.1.85:20	461	saum	470	1.5597598971571932e-246	2	461	5	467	0.9978308026030368	dbCAN-sub
GH1_e65.hmm|GH1:2301|3.2.1.85:20	461	saun	470	3.871267729315398e-247	2	461	5	467	0.9978308026030368	dbCAN-sub
GH1_e65.hmm|GH1:2301|3.2.1.85:20	461	sauq	470	3.871267729315398e-247	2	461	5	467	0.9978308026030368	dbCAN-sub
GH1_e65.hmm|GH1:2301|3.2.1.85:20	461	saur	470	1.5597598971571932e-246	2	461	5	467	0.9978308026030368	dbCAN-sub
GH1_e65.hmm|GH1:2301|3.2.1.85:20	461	saus	470	7.475267811548842e-247	2	461	5	467	0.9978308026030368	dbCAN-sub
GH1_e65.hmm|GH1:2301|3.2.1.85:20	461	saut	470	3.871267729315398e-247	2	461	5	467	0.9978308026030368	dbCAN-sub
GH1_e65.hmm|GH1:2301|3.2.1.85:20	461	sauu	470	7.475267811548842e-247	2	461	5	467	0.9978308026030368	dbCAN-sub
GH1_e65.hmm|GH1:2301|3.2.1.85:20	461	sauv	470	3.871267729315398e-247	2	461	5	467	0.9978308026030368	dbCAN-sub
GH1_e65.hmm|GH1:2301|3.2.1.85:20	461	sauw	470	3.871267729315398e-247	2	461	5	467	0.9978308026030368	dbCAN-sub
GH1_e65.hmm|GH1:2301|3.2.1.85:20	461	saux	470	3.871267729315398e-247	2	461	5	467	0.9978308026030368	dbCAN-sub
GH1_e65.hmm|GH1:2301|3.2.1.85:20	461	sauy	470	3.871267729315398e-247	2	461	5	467	0.9978308026030368	dbCAN-sub
GH1_e65.hmm|GH1:2301|3.2.1.85:20	461	sauz	470	1.5597598971571932e-246	2	461	5	467	0.9978308026030368	dbCAN-sub
GH1_e65.hmm|GH1:2301|3.2.1.85:20	461	sav	470	3.871267729315398e-247	2	461	5	467	0.9978308026030368	dbCAN-sub
GH1_e65.hmm|GH1:2301|3.2.1.85:20	461	saw	470	3.871267729315398e-247	2	461	5	467	0.9978308026030368	dbCAN-sub
GH1_e65.hmm|GH1:2301|3.2.1.85:20	461	sax	470	1.5597598971571932e-246	2	461	5	467	0.9978308026030368	dbCAN-sub
GH1_e65.hmm|GH1:2301|3.2.1.85:20	461	sca	485	5.979974482891929e-225	1	458	20	479	0.9934924078091106	dbCAN-sub
GH1_e65.hmm|GH1:2301|3.2.1.85:20	461	scai	468	1.1240022480474777e-245	2	460	5	464	0.9956616052060736	dbCAN-sub
GH1_e65.hmm|GH1:2301|3.2.1.85:20	461	scap	470	1.3266793536012602e-245	1	461	4	467	1.0	dbCAN-sub
GH1_e65.hmm|GH1:2301|3.2.1.85:20	461	scar	470	8.37504939300852e-246	1	461	4	467	1.0	dbCAN-sub
GH1_e65.hmm|GH1:2301|3.2.1.85:20	461	scf	468	3.335577240289301e-246	2	460	5	464	0.9956616052060736	dbCAN-sub
GH1_e65.hmm|GH1:2301|3.2.1.85:20	461	scg	468	5.90482399784616e-243	2	460	5	464	0.9956616052060736	dbCAN-sub
GH1_e65.hmm|GH1:2301|3.2.1.85:20	461	schj	467	7.88144259668244e-246	2	460	4	463	0.9956616052060736	dbCAN-sub
GH1_e65.hmm|GH1:2301|3.2.1.85:20	461	schr	467	9.309501519564792e-249	1	460	3	463	0.9978308026030368	dbCAN-sub
GH1_e65.hmm|GH1:2301|3.2.1.85:20	461	scla	381	6.870357572556665e-144	101	460	2	363	0.7809110629067245	dbCAN-sub
GH1_e65.hmm|GH1:2301|3.2.1.85:20	461	scon	468	3.50311402256117e-243	2	460	5	464	0.9956616052060736	dbCAN-sub
GH1_e65.hmm|GH1:2301|3.2.1.85:20	461	scos	468	3.50311402256117e-243	2	460	5	464	0.9956616052060736	dbCAN-sub
GH1_e65.hmm|GH1:2301|3.2.1.85:20	461	scp	468	3.7244769090906003e-246	2	460	5	464	0.9956616052060736	dbCAN-sub
GH1_e65.hmm|GH1:2301|3.2.1.85:20	461	scv	468	2.544447743204709e-226	1	458	3	462	0.9934924078091106	dbCAN-sub
GH1_e65.hmm|GH1:2301|3.2.1.85:20	461	sda	468	5.536564094113002e-246	2	460	5	464	0.9956616052060736	dbCAN-sub
GH1_e65.hmm|GH1:2301|3.2.1.85:20	461	sdb	468	2.5631725807872028e-226	1	459	3	463	0.9956616052060736	dbCAN-sub
GH1_e65.hmm|GH1:2301|3.2.1.85:20	461	sden	468	4.268824619503444e-246	2	460	5	464	0.9956616052060736	dbCAN-sub
GH1_e65.hmm|GH1:2301|3.2.1.85:20	461	sdev	470	5.567806154739703e-246	1	460	4	466	0.9978308026030368	dbCAN-sub
GH1_e65.hmm|GH1:2301|3.2.1.85:20	461	sdo	470	2.846044387065802e-247	1	460	4	466	0.9978308026030368	dbCAN-sub
GH1_e65.hmm|GH1:2301|3.2.1.85:20	461	sdq	468	3.508732310264368e-245	2	460	5	464	0.9956616052060736	dbCAN-sub
GH1_e65.hmm|GH1:2301|3.2.1.85:20	461	sdt	468	5.644950989146244e-247	1	460	3	463	0.9978308026030368	dbCAN-sub
GH1_e65.hmm|GH1:2301|3.2.1.85:20	461	sep	470	3.495862203118441e-246	1	460	4	466	0.9978308026030368	dbCAN-sub
GH1_e65.hmm|GH1:2301|3.2.1.85:20	461	sepp	470	6.109770610697303e-246	1	460	4	466	0.9978308026030368	dbCAN-sub
GH1_e65.hmm|GH1:2301|3.2.1.85:20	461	seps	470	3.9019524158681e-246	1	460	4	466	0.9978308026030368	dbCAN-sub
GH1_e65.hmm|GH1:2301|3.2.1.85:20	461	seq	469	2.3063168511692307e-241	2	460	5	464	0.9956616052060736	dbCAN-sub
GH1_e65.hmm|GH1:2301|3.2.1.85:20	461	sequ	469	1.130586717659874e-240	2	460	5	464	0.9956616052060736	dbCAN-sub
GH1_e65.hmm|GH1:2301|3.2.1.85:20	461	ser	470	3.495862203118441e-246	1	460	4	466	0.9978308026030368	dbCAN-sub
GH1_e65.hmm|GH1:2301|3.2.1.85:20	461	sez	469	1.274841685259912e-240	2	460	5	464	0.9956616052060736	dbCAN-sub
GH1_e65.hmm|GH1:2301|3.2.1.85:20	461	sezo	469	1.130586717659874e-240	2	460	5	464	0.9956616052060736	dbCAN-sub
GH1_e65.hmm|GH1:2301|3.2.1.85:20	461	sfer	468	1.7182378118874349e-246	2	460	5	464	0.9956616052060736	dbCAN-sub
GH1_e65.hmm|GH1:2301|3.2.1.85:20	461	sfq	467	7.132223420411987e-247	1	460	3	463	0.9978308026030368	dbCAN-sub
GH1_e65.hmm|GH1:2301|3.2.1.85:20	461	sga	466	2.2261785985550508e-244	1	461	3	463	1.0	dbCAN-sub
GH1_e65.hmm|GH1:2301|3.2.1.85:20	461	sga_1	468	3.265929805153188e-246	2	460	5	464	0.9956616052060736	dbCAN-sub
GH1_e65.hmm|GH1:2301|3.2.1.85:20	461	sgg	466	2.2261785985550508e-244	1	461	3	463	1.0	dbCAN-sub
GH1_e65.hmm|GH1:2301|3.2.1.85:20	461	sgg_1	468	1.4436298251882312e-246	2	460	5	464	0.9956616052060736	dbCAN-sub
GH1_e65.hmm|GH1:2301|3.2.1.85:20	461	sgo	468	5.310032204629045e-246	2	460	5	464	0.9956616052060736	dbCAN-sub
GH1_e65.hmm|GH1:2301|3.2.1.85:20	461	sgt	466	2.2261785985550508e-244	1	461	3	463	1.0	dbCAN-sub
GH1_e65.hmm|GH1:2301|3.2.1.85:20	461	sgt_1	468	1.4436298251882312e-246	2	460	5	464	0.9956616052060736	dbCAN-sub
GH1_e65.hmm|GH1:2301|3.2.1.85:20	461	sha	469	6.821535796453327e-246	1	460	3	465	0.9978308026030368	dbCAN-sub
GH1_e65.hmm|GH1:2301|3.2.1.85:20	461	shh	469	6.821535796453327e-246	1	460	3	465	0.9978308026030368	dbCAN-sub
GH1_e65.hmm|GH1:2301|3.2.1.85:20	461	shom	470	2.0437745947263982e-246	1	460	4	466	0.9978308026030368	dbCAN-sub
GH1_e65.hmm|GH1:2301|3.2.1.85:20	461	shu	467	5.019872185154422e-247	1	460	3	463	0.9978308026030368	dbCAN-sub
GH1_e65.hmm|GH1:2301|3.2.1.85:20	461	sib	468	2.0300040606959332e-244	2	460	5	464	0.9956616052060736	dbCAN-sub
GH1_e65.hmm|GH1:2301|3.2.1.85:20	461	sie	468	4.030679340316351e-244	2	460	5	464	0.9956616052060736	dbCAN-sub
GH1_e65.hmm|GH1:2301|3.2.1.85:20	461	sig	468	3.050263379699346e-244	2	459	5	463	0.9934924078091106	dbCAN-sub
GH1_e65.hmm|GH1:2301|3.2.1.85:20	461	sins	468	1.7487564329247998e-246	2	460	5	464	0.9956616052060736	dbCAN-sub
GH1_e65.hmm|GH1:2301|3.2.1.85:20	461	siu	468	2.437255592686788e-244	2	460	5	464	0.9956616052060736	dbCAN-sub
GH1_e65.hmm|GH1:2301|3.2.1.85:20	461	sjj	468	2.864375881621147e-244	2	460	5	464	0.9956616052060736	dbCAN-sub
GH1_e65.hmm|GH1:2301|3.2.1.85:20	461	ski	468	3.050263379699346e-244	2	459	5	463	0.9934924078091106	dbCAN-sub
GH1_e65.hmm|GH1:2301|3.2.1.85:20	461	slat	468	2.8520202319218867e-246	2	460	5	464	0.9956616052060736	dbCAN-sub
GH1_e65.hmm|GH1:2301|3.2.1.85:20	461	slg	469	6.324960579229453e-246	1	460	3	465	0.9978308026030368	dbCAN-sub
GH1_e65.hmm|GH1:2301|3.2.1.85:20	461	slin	468	4.995153905170366e-246	2	460	5	464	0.9956616052060736	dbCAN-sub
GH1_e65.hmm|GH1:2301|3.2.1.85:20	461	sll	481	9.586348724618768e-188	7	460	5	462	0.9848156182212582	dbCAN-sub
GH1_e65.hmm|GH1:2301|3.2.1.85:20	461	sln	469	6.324960579229453e-246	1	460	3	465	0.9978308026030368	dbCAN-sub
GH1_e65.hmm|GH1:2301|3.2.1.85:20	461	slu	466	3.1683751258616e-243	1	461	3	463	1.0	dbCAN-sub
GH1_e65.hmm|GH1:2301|3.2.1.85:20	461	slu_1	475	1.771808280613967e-245	2	460	12	471	0.9956616052060736	dbCAN-sub
GH1_e65.hmm|GH1:2301|3.2.1.85:20	461	slz	467	8.405092677283695e-246	1	460	3	463	0.9978308026030368	dbCAN-sub
GH1_e65.hmm|GH1:2301|3.2.1.85:20	461	smb	468	2.319942626888717e-245	2	460	5	464	0.9956616052060736	dbCAN-sub
GH1_e65.hmm|GH1:2301|3.2.1.85:20	461	smc	468	1.121991624829988e-245	2	460	5	464	0.9956616052060736	dbCAN-sub
GH1_e65.hmm|GH1:2301|3.2.1.85:20	461	smen	468	2.1943880213628327e-246	2	460	5	464	0.9956616052060736	dbCAN-sub
GH1_e65.hmm|GH1:2301|3.2.1.85:20	461	smie	466	1.0130776197820858e-242	1	461	3	463	1.0	dbCAN-sub
GH1_e65.hmm|GH1:2301|3.2.1.85:20	461	smj	468	1.3010285063481213e-245	2	460	5	464	0.9956616052060736	dbCAN-sub
GH1_e65.hmm|GH1:2301|3.2.1.85:20	461	smn	466	2.6785121375406373e-243	1	461	3	463	1.0	dbCAN-sub
GH1_e65.hmm|GH1:2301|3.2.1.85:20	461	smn_1	468	1.8066639208609129e-245	2	460	5	464	0.9956616052060736	dbCAN-sub
GH1_e65.hmm|GH1:2301|3.2.1.85:20	461	smn_2	468	3.79415318333204e-247	2	460	5	464	0.9956616052060736	dbCAN-sub
GH1_e65.hmm|GH1:2301|3.2.1.85:20	461	smu	468	8.976535511735868e-246	2	460	5	464	0.9956616052060736	dbCAN-sub
GH1_e65.hmm|GH1:2301|3.2.1.85:20	461	smua	468	8.976535511735868e-246	2	460	5	464	0.9956616052060736	dbCAN-sub
GH1_e65.hmm|GH1:2301|3.2.1.85:20	461	smut	468	1.1683121014517418e-245	2	460	5	464	0.9956616052060736	dbCAN-sub
GH1_e65.hmm|GH1:2301|3.2.1.85:20	461	snb	470	6.67623473123399e-212	2	458	9	468	0.9913232104121475	dbCAN-sub
GH1_e65.hmm|GH1:2301|3.2.1.85:20	461	snb_1	468	2.864375881621147e-244	2	460	5	464	0.9956616052060736	dbCAN-sub
GH1_e65.hmm|GH1:2301|3.2.1.85:20	461	snc	470	1.2815388544427523e-211	2	458	9	468	0.9913232104121475	dbCAN-sub
GH1_e65.hmm|GH1:2301|3.2.1.85:20	461	snc_1	468	4.384911355816604e-244	2	460	5	464	0.9956616052060736	dbCAN-sub
GH1_e65.hmm|GH1:2301|3.2.1.85:20	461	snd	470	1.2815388544427523e-211	2	458	9	468	0.9913232104121475	dbCAN-sub
GH1_e65.hmm|GH1:2301|3.2.1.85:20	461	snd_1	468	4.384911355816604e-244	2	460	5	464	0.9956616052060736	dbCAN-sub
GH1_e65.hmm|GH1:2301|3.2.1.85:20	461	sne	468	8.102260527158279e-245	2	460	5	464	0.9956616052060736	dbCAN-sub
GH1_e65.hmm|GH1:2301|3.2.1.85:20	461	sni	470	5.80630790907698e-212	2	458	9	468	0.9913232104121475	dbCAN-sub
GH1_e65.hmm|GH1:2301|3.2.1.85:20	461	sni_1	468	9.98006062678598e-246	2	460	5	464	0.9956616052060736	dbCAN-sub
GH1_e65.hmm|GH1:2301|3.2.1.85:20	461	snid	468	2.5313487362801747e-246	2	460	5	464	0.9956616052060736	dbCAN-sub
GH1_e65.hmm|GH1:2301|3.2.1.85:20	461	snm	470	5.4913699343778136e-213	2	458	9	468	0.9913232104121475	dbCAN-sub
GH1_e65.hmm|GH1:2301|3.2.1.85:20	461	snm_1	468	7.165197495922097e-246	2	460	5	464	0.9956616052060736	dbCAN-sub
GH1_e65.hmm|GH1:2301|3.2.1.85:20	461	snp	470	2.6628144535494664e-213	2	458	9	468	0.9913232104121475	dbCAN-sub
GH1_e65.hmm|GH1:2301|3.2.1.85:20	461	snp_1	468	7.165197495922097e-246	2	460	5	464	0.9956616052060736	dbCAN-sub
GH1_e65.hmm|GH1:2301|3.2.1.85:20	461	snt	470	1.2815388544427523e-211	2	458	9	468	0.9913232104121475	dbCAN-sub
GH1_e65.hmm|GH1:2301|3.2.1.85:20	461	snt_1	468	4.384911355816604e-244	2	460	5	464	0.9956616052060736	dbCAN-sub
GH1_e65.hmm|GH1:2301|3.2.1.85:20	461	snu	468	2.527273501958769e-245	2	460	5	464	0.9956616052060736	dbCAN-sub
GH1_e65.hmm|GH1:2301|3.2.1.85:20	461	snv	468	7.165197495922097e-246	2	460	5	464	0.9956616052060736	dbCAN-sub
GH1_e65.hmm|GH1:2301|3.2.1.85:20	461	snx	468	4.7422946209455334e-244	2	460	5	464	0.9956616052060736	dbCAN-sub
GH1_e65.hmm|GH1:2301|3.2.1.85:20	461	sor	468	1.3074779458198054e-245	2	460	5	464	0.9956616052060736	dbCAN-sub
GH1_e65.hmm|GH1:2301|3.2.1.85:20	461	sos	468	1.6182380251886275e-244	2	460	5	464	0.9956616052060736	dbCAN-sub
GH1_e65.hmm|GH1:2301|3.2.1.85:20	461	soz	477	8.1333346097066e-246	2	460	14	473	0.9956616052060736	dbCAN-sub
GH1_e65.hmm|GH1:2301|3.2.1.85:20	461	spa	468	2.3771053106401257e-245	2	460	5	464	0.9956616052060736	dbCAN-sub
GH1_e65.hmm|GH1:2301|3.2.1.85:20	461	spam	468	3.957940251614505e-245	2	460	5	464	0.9956616052060736	dbCAN-sub
GH1_e65.hmm|GH1:2301|3.2.1.85:20	461	spas	470	2.846044387065802e-247	1	460	4	466	0.9978308026030368	dbCAN-sub
GH1_e65.hmm|GH1:2301|3.2.1.85:20	461	spat	467	3.722763200744645e-245	2	460	4	463	0.9956616052060736	dbCAN-sub
GH1_e65.hmm|GH1:2301|3.2.1.85:20	461	spb	468	2.445539056299523e-246	2	460	5	464	0.9956616052060736	dbCAN-sub
GH1_e65.hmm|GH1:2301|3.2.1.85:20	461	spd	470	2.1416501104706485e-210	2	458	9	468	0.9913232104121475	dbCAN-sub
GH1_e65.hmm|GH1:2301|3.2.1.85:20	461	spd_1	468	2.527273501958769e-245	2	460	5	464	0.9956616052060736	dbCAN-sub
GH1_e65.hmm|GH1:2301|3.2.1.85:20	461	spei	466	1.991196360559448e-243	1	461	3	463	1.0	dbCAN-sub
GH1_e65.hmm|GH1:2301|3.2.1.85:20	461	spet	469	5.6449065748001e-243	2	461	5	467	0.9978308026030368	dbCAN-sub
GH1_e65.hmm|GH1:2301|3.2.1.85:20	461	spf	468	4.700390726178878e-245	2	460	5	464	0.9956616052060736	dbCAN-sub
GH1_e65.hmm|GH1:2301|3.2.1.85:20	461	spg	468	1.1001949722593516e-246	2	460	5	464	0.9956616052060736	dbCAN-sub
GH1_e65.hmm|GH1:2301|3.2.1.85:20	461	sph	468	1.514885517796805e-245	2	460	5	464	0.9956616052060736	dbCAN-sub
GH1_e65.hmm|GH1:2301|3.2.1.85:20	461	spi	482	2.8739159125510677e-244	2	460	19	478	0.9956616052060736	dbCAN-sub
GH1_e65.hmm|GH1:2301|3.2.1.85:20	461	spic	468	3.9588969264135244e-227	1	459	3	463	0.9956616052060736	dbCAN-sub
GH1_e65.hmm|GH1:2301|3.2.1.85:20	461	spj	468	6.910217809801979e-246	2	460	5	464	0.9956616052060736	dbCAN-sub
GH1_e65.hmm|GH1:2301|3.2.1.85:20	461	spk	468	6.910217809801979e-246	2	460	5	464	0.9956616052060736	dbCAN-sub
GH1_e65.hmm|GH1:2301|3.2.1.85:20	461	splr	468	1.1681626998315062e-245	2	460	5	464	0.9956616052060736	dbCAN-sub
GH1_e65.hmm|GH1:2301|3.2.1.85:20	461	spm	468	1.1775120202862325e-245	2	460	5	464	0.9956616052060736	dbCAN-sub
GH1_e65.hmm|GH1:2301|3.2.1.85:20	461	spn	470	5.638970712584772e-212	2	458	9	468	0.9913232104121475	dbCAN-sub
GH1_e65.hmm|GH1:2301|3.2.1.85:20	461	spn_1	468	1.3293967597495173e-245	2	460	5	464	0.9956616052060736	dbCAN-sub
GH1_e65.hmm|GH1:2301|3.2.1.85:20	461	spne	468	4.7422946209455334e-244	2	460	5	464	0.9956616052060736	dbCAN-sub
GH1_e65.hmm|GH1:2301|3.2.1.85:20	461	spne_1	470	2.3916935684955616e-213	2	458	9	468	0.9913232104121475	dbCAN-sub
GH1_e65.hmm|GH1:2301|3.2.1.85:20	461	spng	470	2.0490722309922408e-213	2	458	9	468	0.9913232104121475	dbCAN-sub
GH1_e65.hmm|GH1:2301|3.2.1.85:20	461	spng_1	468	7.165197495922097e-246	2	460	5	464	0.9956616052060736	dbCAN-sub
GH1_e65.hmm|GH1:2301|3.2.1.85:20	461	spnm	468	4.7422946209455334e-244	2	460	5	464	0.9956616052060736	dbCAN-sub
GH1_e65.hmm|GH1:2301|3.2.1.85:20	461	spnn	470	1.2815388544427523e-211	2	458	9	468	0.9913232104121475	dbCAN-sub
GH1_e65.hmm|GH1:2301|3.2.1.85:20	461	spnn_1	468	4.384911355816604e-244	2	460	5	464	0.9956616052060736	dbCAN-sub
GH1_e65.hmm|GH1:2301|3.2.1.85:20	461	spno	468	4.7422946209455334e-244	2	460	5	464	0.9956616052060736	dbCAN-sub
GH1_e65.hmm|GH1:2301|3.2.1.85:20	461	spnu	468	4.7422946209455334e-244	2	460	5	464	0.9956616052060736	dbCAN-sub
GH1_e65.hmm|GH1:2301|3.2.1.85:20	461	spp	470	2.0490722309922408e-213	2	458	9	468	0.9913232104121475	dbCAN-sub
GH1_e65.hmm|GH1:2301|3.2.1.85:20	461	spp_1	468	6.20880826102029e-245	2	460	5	464	0.9956616052060736	dbCAN-sub
GH1_e65.hmm|GH1:2301|3.2.1.85:20	461	spr	470	2.1416501104706485e-210	2	458	9	468	0.9913232104121475	dbCAN-sub
GH1_e65.hmm|GH1:2301|3.2.1.85:20	461	spr_1	468	2.527273501958769e-245	2	460	5	464	0.9956616052060736	dbCAN-sub
GH1_e65.hmm|GH1:2301|3.2.1.85:20	461	sps	468	1.1001949722593516e-246	2	460	5	464	0.9956616052060736	dbCAN-sub
GH1_e65.hmm|GH1:2301|3.2.1.85:20	461	spv	470	5.095750053241438e-213	2	458	9	468	0.9913232104121475	dbCAN-sub
GH1_e65.hmm|GH1:2301|3.2.1.85:20	461	spv_1	468	6.5567246439823954e-245	2	460	5	464	0.9956616052060736	dbCAN-sub
GH1_e65.hmm|GH1:2301|3.2.1.85:20	461	spw	471	7.347381408738432e-246	2	460	8	467	0.9956616052060736	dbCAN-sub
GH1_e65.hmm|GH1:2301|3.2.1.85:20	461	spx	470	9.520741490331315e-213	2	458	9	468	0.9913232104121475	dbCAN-sub
GH1_e65.hmm|GH1:2301|3.2.1.85:20	461	spx_1	468	7.781623178968833e-246	2	460	5	464	0.9956616052060736	dbCAN-sub
GH1_e65.hmm|GH1:2301|3.2.1.85:20	461	spy	468	6.338186030778532e-246	2	460	5	464	0.9956616052060736	dbCAN-sub
GH1_e65.hmm|GH1:2301|3.2.1.85:20	461	spya	468	6.338186030778532e-246	2	460	5	464	0.9956616052060736	dbCAN-sub
GH1_e65.hmm|GH1:2301|3.2.1.85:20	461	spyh	468	2.358834595146351e-245	2	460	5	464	0.9956616052060736	dbCAN-sub
GH1_e65.hmm|GH1:2301|3.2.1.85:20	461	spym	482	7.112853318880214e-246	2	460	19	478	0.9956616052060736	dbCAN-sub
GH1_e65.hmm|GH1:2301|3.2.1.85:20	461	spyo	468	2.599587086242573e-246	2	460	5	464	0.9956616052060736	dbCAN-sub
GH1_e65.hmm|GH1:2301|3.2.1.85:20	461	spz	477	6.827063116350284e-246	2	460	14	473	0.9956616052060736	dbCAN-sub
GH1_e65.hmm|GH1:2301|3.2.1.85:20	461	srai	467	1.562701812111886e-245	1	460	3	463	0.9978308026030368	dbCAN-sub
GH1_e65.hmm|GH1:2301|3.2.1.85:20	461	srat	468	4.3418684797053366e-246	2	460	5	464	0.9956616052060736	dbCAN-sub
GH1_e65.hmm|GH1:2301|3.2.1.85:20	461	sri	472	1.8726317482589103e-224	1	459	4	464	0.9956616052060736	dbCAN-sub
GH1_e65.hmm|GH1:2301|3.2.1.85:20	461	srot	470	1.0006298746645999e-247	2	461	5	467	0.9978308026030368	dbCAN-sub
GH1_e65.hmm|GH1:2301|3.2.1.85:20	461	srp	468	9.743305846759511e-247	2	460	5	464	0.9956616052060736	dbCAN-sub
GH1_e65.hmm|GH1:2301|3.2.1.85:20	461	srq	468	5.294661997858289e-246	2	460	5	464	0.9956616052060736	dbCAN-sub
GH1_e65.hmm|GH1:2301|3.2.1.85:20	461	srum	466	2.2106886032095617e-243	1	461	3	463	1.0	dbCAN-sub
GH1_e65.hmm|GH1:2301|3.2.1.85:20	461	ssa	468	3.5951551690675094e-246	2	460	5	464	0.9956616052060736	dbCAN-sub
GH1_e65.hmm|GH1:2301|3.2.1.85:20	461	ssb	468	5.462202484862494e-247	2	460	5	464	0.9956616052060736	dbCAN-sub
GH1_e65.hmm|GH1:2301|3.2.1.85:20	461	ssb_1	468	9.743305846759511e-247	2	460	5	464	0.9956616052060736	dbCAN-sub
GH1_e65.hmm|GH1:2301|3.2.1.85:20	461	ssch	470	2.6937502962616903e-223	2	459	4	464	0.9934924078091106	dbCAN-sub
GH1_e65.hmm|GH1:2301|3.2.1.85:20	461	sscu	471	3.5990913450668223e-228	2	459	4	464	0.9934924078091106	dbCAN-sub
GH1_e65.hmm|GH1:2301|3.2.1.85:20	461	sscz	470	3.967820256303273e-223	2	459	4	464	0.9934924078091106	dbCAN-sub
GH1_e65.hmm|GH1:2301|3.2.1.85:20	461	ssd	468	3.9299629285070506e-247	1	460	3	463	0.9978308026030368	dbCAN-sub
GH1_e65.hmm|GH1:2301|3.2.1.85:20	461	ssf	468	9.743305846759511e-247	2	460	5	464	0.9956616052060736	dbCAN-sub
GH1_e65.hmm|GH1:2301|3.2.1.85:20	461	ssh	470	1.1763980048524165e-246	2	461	5	467	0.9978308026030368	dbCAN-sub
GH1_e65.hmm|GH1:2301|3.2.1.85:20	461	ssi	468	9.743305846759511e-247	2	460	5	464	0.9956616052060736	dbCAN-sub
GH1_e65.hmm|GH1:2301|3.2.1.85:20	461	ssif	424	1.9070255095616327e-136	157	459	116	419	0.6572668112798264	dbCAN-sub
GH1_e65.hmm|GH1:2301|3.2.1.85:20	461	ssim	470	2.59648605467595e-246	1	460	4	466	0.9978308026030368	dbCAN-sub
GH1_e65.hmm|GH1:2301|3.2.1.85:20	461	ssob	467	2.646323852036073e-246	2	460	4	463	0.9956616052060736	dbCAN-sub
GH1_e65.hmm|GH1:2301|3.2.1.85:20	461	ssq	468	1.9857195288994879e-246	2	460	5	464	0.9956616052060736	dbCAN-sub
GH1_e65.hmm|GH1:2301|3.2.1.85:20	461	sss	468	9.743305846759511e-247	2	460	5	464	0.9956616052060736	dbCAN-sub
GH1_e65.hmm|GH1:2301|3.2.1.85:20	461	sst	468	1.9857195288994879e-246	2	460	5	464	0.9956616052060736	dbCAN-sub
GH1_e65.hmm|GH1:2301|3.2.1.85:20	461	ssu	475	1.0330594065207096e-246	2	460	12	471	0.9956616052060736	dbCAN-sub
GH1_e65.hmm|GH1:2301|3.2.1.85:20	461	ssui	468	1.3554217789865768e-246	2	460	5	464	0.9956616052060736	dbCAN-sub
GH1_e65.hmm|GH1:2301|3.2.1.85:20	461	ssus	468	9.743305846759511e-247	2	460	5	464	0.9956616052060736	dbCAN-sub
GH1_e65.hmm|GH1:2301|3.2.1.85:20	461	ssuy	468	1.9857195288994879e-246	2	460	5	464	0.9956616052060736	dbCAN-sub
GH1_e65.hmm|GH1:2301|3.2.1.85:20	461	ssv	475	1.25484817794336e-244	2	460	12	471	0.9956616052060736	dbCAN-sub
GH1_e65.hmm|GH1:2301|3.2.1.85:20	461	ssw	475	1.0330594065207096e-246	2	460	12	471	0.9956616052060736	dbCAN-sub
GH1_e65.hmm|GH1:2301|3.2.1.85:20	461	stag	469	4.8955282621981286e-244	2	460	5	464	0.9956616052060736	dbCAN-sub
GH1_e65.hmm|GH1:2301|3.2.1.85:20	461	stas	470	1.0274030156151489e-245	1	460	4	466	0.9978308026030368	dbCAN-sub
GH1_e65.hmm|GH1:2301|3.2.1.85:20	461	stb	466	3.205161849721636e-244	1	461	3	463	1.0	dbCAN-sub
GH1_e65.hmm|GH1:2301|3.2.1.85:20	461	stb_1	468	1.910147468347276e-247	2	460	5	464	0.9956616052060736	dbCAN-sub
GH1_e65.hmm|GH1:2301|3.2.1.85:20	461	std	468	1.9511656488011947e-245	2	460	5	464	0.9956616052060736	dbCAN-sub
GH1_e65.hmm|GH1:2301|3.2.1.85:20	461	stg	468	1.4875602761608078e-245	2	460	5	464	0.9956616052060736	dbCAN-sub
GH1_e65.hmm|GH1:2301|3.2.1.85:20	461	stoy	468	1.2356744201211039e-245	2	460	5	464	0.9956616052060736	dbCAN-sub
GH1_e65.hmm|GH1:2301|3.2.1.85:20	461	str	468	3.2178738342263196e-230	2	460	4	464	0.9956616052060736	dbCAN-sub
GH1_e65.hmm|GH1:2301|3.2.1.85:20	461	stra	492	2.8276874180546245e-246	2	460	29	488	0.9956616052060736	dbCAN-sub
GH1_e65.hmm|GH1:2301|3.2.1.85:20	461	strg	468	1.0358996951521398e-244	2	460	5	464	0.9956616052060736	dbCAN-sub
GH1_e65.hmm|GH1:2301|3.2.1.85:20	461	stv	468	8.649351407030562e-246	2	460	5	464	0.9956616052060736	dbCAN-sub
GH1_e65.hmm|GH1:2301|3.2.1.85:20	461	stx	468	1.4875602761608078e-245	2	460	5	464	0.9956616052060736	dbCAN-sub
GH1_e65.hmm|GH1:2301|3.2.1.85:20	461	stz	468	7.332113856665738e-245	2	460	5	464	0.9956616052060736	dbCAN-sub
GH1_e65.hmm|GH1:2301|3.2.1.85:20	461	sub	468	1.7522042028256557e-245	2	460	5	464	0.9956616052060736	dbCAN-sub
GH1_e65.hmm|GH1:2301|3.2.1.85:20	461	sub_1	467	2.902110825343311e-239	2	460	4	463	0.9956616052060736	dbCAN-sub
GH1_e65.hmm|GH1:2301|3.2.1.85:20	461	suc	470	3.871267729315398e-247	2	461	5	467	0.9978308026030368	dbCAN-sub
GH1_e65.hmm|GH1:2301|3.2.1.85:20	461	sud	470	3.871267729315398e-247	2	461	5	467	0.9978308026030368	dbCAN-sub
GH1_e65.hmm|GH1:2301|3.2.1.85:20	461	sue	470	3.871267729315398e-247	2	461	5	467	0.9978308026030368	dbCAN-sub
GH1_e65.hmm|GH1:2301|3.2.1.85:20	461	suf	470	3.953487191305253e-247	2	461	5	467	0.9978308026030368	dbCAN-sub
GH1_e65.hmm|GH1:2301|3.2.1.85:20	461	sug	470	3.871267729315398e-247	2	461	5	467	0.9978308026030368	dbCAN-sub
GH1_e65.hmm|GH1:2301|3.2.1.85:20	461	suh	470	2.1501077406490272e-247	2	461	5	467	0.9978308026030368	dbCAN-sub
GH1_e65.hmm|GH1:2301|3.2.1.85:20	461	sui	468	9.743305846759511e-247	2	460	5	464	0.9956616052060736	dbCAN-sub
GH1_e65.hmm|GH1:2301|3.2.1.85:20	461	suj	470	3.3158422332855904e-247	2	461	5	467	0.9978308026030368	dbCAN-sub
GH1_e65.hmm|GH1:2301|3.2.1.85:20	461	suk	470	1.5597598971571932e-246	2	461	5	467	0.9978308026030368	dbCAN-sub
GH1_e65.hmm|GH1:2301|3.2.1.85:20	461	suo	468	9.743305846759511e-247	2	460	5	464	0.9956616052060736	dbCAN-sub
GH1_e65.hmm|GH1:2301|3.2.1.85:20	461	sup	468	9.743305846759511e-247	2	460	5	464	0.9956616052060736	dbCAN-sub
GH1_e65.hmm|GH1:2301|3.2.1.85:20	461	suq	470	3.86533129788185e-247	2	461	5	467	0.9978308026030368	dbCAN-sub
GH1_e65.hmm|GH1:2301|3.2.1.85:20	461	surn	468	1.1289964548438649e-245	2	460	5	464	0.9956616052060736	dbCAN-sub
GH1_e65.hmm|GH1:2301|3.2.1.85:20	461	sut	470	1.5597598971571932e-246	2	461	5	467	0.9978308026030368	dbCAN-sub
GH1_e65.hmm|GH1:2301|3.2.1.85:20	461	suu	470	7.475267811548842e-247	2	461	5	467	0.9978308026030368	dbCAN-sub
GH1_e65.hmm|GH1:2301|3.2.1.85:20	461	suv	470	1.5597598971571932e-246	2	461	5	467	0.9978308026030368	dbCAN-sub
GH1_e65.hmm|GH1:2301|3.2.1.85:20	461	suw	470	1.5597598971571932e-246	2	461	5	467	0.9978308026030368	dbCAN-sub
GH1_e65.hmm|GH1:2301|3.2.1.85:20	461	sux	470	1.4071017103267091e-247	2	461	5	467	0.9978308026030368	dbCAN-sub
GH1_e65.hmm|GH1:2301|3.2.1.85:20	461	suy	470	3.871267729315398e-247	2	461	5	467	0.9978308026030368	dbCAN-sub
GH1_e65.hmm|GH1:2301|3.2.1.85:20	461	suz	470	3.871267729315398e-247	2	461	5	467	0.9978308026030368	dbCAN-sub
GH1_e65.hmm|GH1:2301|3.2.1.85:20	461	swa	470	3.411621483473358e-247	1	460	4	466	0.9978308026030368	dbCAN-sub
GH1_e65.hmm|GH1:2301|3.2.1.85:20	461	szg	469	1.1556517499202369e-243	1	460	4	465	0.9978308026030368	dbCAN-sub
GH1_e65.hmm|GH1:2301|3.2.1.85:20	461	tap	466	1.2873028727665506e-244	1	461	3	463	1.0	dbCAN-sub
GH1_e65.hmm|GH1:2301|3.2.1.85:20	461	tkr	476	1.713837977746719e-232	2	460	10	472	0.9956616052060736	dbCAN-sub
GH1_e65.hmm|GH1:2301|3.2.1.85:20	461	vlu	467	3.016435262718062e-247	2	460	4	463	0.9956616052060736	dbCAN-sub
